{"cameraMode":{"drawMode":0,"name":"Shaded","section":"Shading Mode"},"sceneLighting":true,"audioPlay":false,"sceneViewState":{"showFog":true,"showMaterialUpdate":false,"showSkybox":true,"showFlares":true,"showImageEffects":true,"showParticleSystems":true},"in2DMode":false,"pivot":{"x":0.24511167407035829,"y":1.829722285270691,"z":24.154600143432618},"rotation":{"x":0.1393844336271286,"y":0.7025291323661804,"z":-0.14336435496807099,"w":0.682995080947876},"size":36.753761291503909,"orthographic":false}