{"cameraMode":{"drawMode":0,"name":"Shaded","section":"Shading Mode"},"sceneLighting":true,"audioPlay":false,"sceneViewState":{"showFog":true,"showMaterialUpdate":false,"showSkybox":true,"showFlares":true,"showImageEffects":true,"showParticleSystems":true},"in2DMode":false,"pivot":{"x":7.6570587158203129,"y":-24.691757202148439,"z":631.5794677734375},"rotation":{"x":-0.15100044012069703,"y":0.689614474773407,"z":-0.15045708417892457,"w":-0.6921013593673706},"size":876.1776123046875,"orthographic":false}