{"cameraMode":{"drawMode":0,"name":"Shaded","section":"Shading Mode"},"sceneLighting":true,"audioPlay":false,"sceneViewState":{"showFog":true,"showMaterialUpdate":false,"showSkybox":true,"showFlares":true,"showImageEffects":true,"showParticleSystems":true},"in2DMode":false,"pivot":{"x":56.384918212890628,"y":-118.00586700439453,"z":272.843017578125},"rotation":{"x":0.04743604734539986,"y":-0.9455175399780273,"z":0.16065993905067445,"w":0.2791782319545746},"size":373.62554931640627,"orthographic":false}